{"train/loss_rpn_cls": 0.10086675924248993, "train/loss_rpn_bbox": 0.05631602229550481, "train/loss_cls": 0.32568163275718687, "train/acc": 91.416015625, "train/loss_bbox": 0.30074826776981356, "train/loss": 0.7836126893758774, "learning_rate": 0.0001, "momentum": 0.9, "_timestamp": 1668759161.3616025, "_runtime": 510.12136363983154, "_step": 2232, "val/bbox_mAP": 0.088, "val/bbox_mAP_50": 0.201, "val/bbox_mAP_75": 0.062, "val/bbox_mAP_s": 0.0, "val/bbox_mAP_m": 0.009, "val/bbox_mAP_l": 0.109}